image1,image2
dataset/pair1_img1.png,dataset/pair1_img2.png
dataset/pair2_img1.png,dataset/pair2_img2.png
dataset/pair3_img1.png,dataset/pair3_img2.png
dataset/pair4_img1.png,dataset/pair4_img2.png
dataset/pair5_img1.png,dataset/pair5_img2.png
dataset/pair6_img1.png,dataset/pair6_img2.png
dataset/pair7_img1.png,dataset/pair7_img2.png
dataset/pair8_img1.png,dataset/pair8_img2.png
dataset/pair9_img1.png,dataset/pair9_img2.png
dataset/pair10_img1.png,dataset/pair10_img2.png
dataset/pair11_img1.png,dataset/pair11_img2.png
dataset/pair12_img1.png,dataset/pair12_img2.png
dataset/pair13_img1.png,dataset/pair13_img2.png
dataset/pair14_img1.png,dataset/pair14_img2.png
dataset/pair15_img1.png,dataset/pair15_img2.png
dataset/pair16_img1.png,dataset/pair16_img2.png
dataset/pair17_img1.png,dataset/pair17_img2.png
dataset/pair18_img1.png,dataset/pair18_img2.png
dataset/pair19_img1.png,dataset/pair19_img2.png
dataset/pair20_img1.png,dataset/pair20_img2.png
dataset/pair21_img1.png,dataset/pair21_img2.png
dataset/pair22_img1.png,dataset/pair22_img2.png
dataset/pair23_img1.png,dataset/pair23_img2.png
dataset/pair24_img1.png,dataset/pair24_img2.png
dataset/pair25_img1.png,dataset/pair25_img2.png
dataset/pair26_img1.png,dataset/pair26_img2.png
dataset/pair27_img1.png,dataset/pair27_img2.png
dataset/pair28_img1.png,dataset/pair28_img2.png
dataset/pair29_img1.png,dataset/pair29_img2.png
dataset/pair30_img1.png,dataset/pair30_img2.png
dataset/pair31_img1.png,dataset/pair31_img2.png
dataset/pair32_img1.png,dataset/pair32_img2.png
dataset/pair33_img1.png,dataset/pair33_img2.png
dataset/pair34_img1.png,dataset/pair34_img2.png
dataset/pair35_img1.png,dataset/pair35_img2.png
dataset/pair36_img1.png,dataset/pair36_img2.png
dataset/pair37_img1.png,dataset/pair37_img2.png
dataset/pair38_img1.png,dataset/pair38_img2.png
dataset/pair39_img1.png,dataset/pair39_img2.png
dataset/pair40_img1.png,dataset/pair40_img2.png
dataset/pair41_img1.png,dataset/pair41_img2.png
dataset/pair42_img1.png,dataset/pair42_img2.png
dataset/pair43_img1.png,dataset/pair43_img2.png
dataset/pair44_img1.png,dataset/pair44_img2.png
dataset/pair45_img1.png,dataset/pair45_img2.png
dataset/pair46_img1.png,dataset/pair46_img2.png
dataset/pair47_img1.png,dataset/pair47_img2.png
dataset/pair48_img1.png,dataset/pair48_img2.png
dataset/pair49_img1.png,dataset/pair49_img2.png
dataset/pair50_img1.png,dataset/pair50_img2.png
dataset/pair51_img1.png,dataset/pair51_img2.png
dataset/pair52_img1.png,dataset/pair52_img2.png
dataset/pair53_img1.png,dataset/pair53_img2.png
dataset/pair54_img1.png,dataset/pair54_img2.png
dataset/pair55_img1.png,dataset/pair55_img2.png
dataset/pair56_img1.png,dataset/pair56_img2.png
dataset/pair57_img1.png,dataset/pair57_img2.png
dataset/pair58_img1.png,dataset/pair58_img2.png
dataset/pair59_img1.png,dataset/pair59_img2.png
dataset/pair60_img1.png,dataset/pair60_img2.png
dataset/pair61_img1.png,dataset/pair61_img2.png
dataset/pair62_img1.png,dataset/pair62_img2.png
dataset/pair63_img1.png,dataset/pair63_img2.png
dataset/pair64_img1.png,dataset/pair64_img2.png
dataset/pair65_img1.png,dataset/pair65_img2.png
dataset/pair66_img1.png,dataset/pair66_img2.png
dataset/pair67_img1.png,dataset/pair67_img2.png
dataset/pair68_img1.png,dataset/pair68_img2.png
dataset/pair69_img1.png,dataset/pair69_img2.png
dataset/pair70_img1.png,dataset/pair70_img2.png
dataset/pair71_img1.png,dataset/pair71_img2.png
dataset/pair72_img1.png,dataset/pair72_img2.png
dataset/pair73_img1.png,dataset/pair73_img2.png
dataset/pair74_img1.png,dataset/pair74_img2.png
dataset/pair75_img1.png,dataset/pair75_img2.png
dataset/pair76_img1.png,dataset/pair76_img2.png
dataset/pair77_img1.png,dataset/pair77_img2.png
dataset/pair78_img1.png,dataset/pair78_img2.png
dataset/pair79_img1.png,dataset/pair79_img2.png
dataset/pair80_img1.png,dataset/pair80_img2.png
dataset/pair81_img1.png,dataset/pair81_img2.png
dataset/pair82_img1.png,dataset/pair82_img2.png
dataset/pair83_img1.png,dataset/pair83_img2.png
dataset/pair84_img1.png,dataset/pair84_img2.png
dataset/pair85_img1.png,dataset/pair85_img2.png
dataset/pair86_img1.png,dataset/pair86_img2.png
dataset/pair87_img1.png,dataset/pair87_img2.png
dataset/pair88_img1.png,dataset/pair88_img2.png
dataset/pair89_img1.png,dataset/pair89_img2.png
dataset/pair90_img1.png,dataset/pair90_img2.png
dataset/pair91_img1.png,dataset/pair91_img2.png
dataset/pair92_img1.png,dataset/pair92_img2.png
dataset/pair93_img1.png,dataset/pair93_img2.png
dataset/pair94_img1.png,dataset/pair94_img2.png
dataset/pair95_img1.png,dataset/pair95_img2.png
dataset/pair96_img1.png,dataset/pair96_img2.png
dataset/pair97_img1.png,dataset/pair97_img2.png
dataset/pair98_img1.png,dataset/pair98_img2.png
dataset/pair99_img1.png,dataset/pair99_img2.png
dataset/pair100_img1.png,dataset/pair100_img2.png
dataset/pair101_img1.png,dataset/pair101_img2.png
dataset/pair102_img1.png,dataset/pair102_img2.png
